Date,Open,High,Low,Last,Close,Total Trade Quantity,Turnover (Lacs)
1/3/2018,19.1,20.5,18.7,19.7,19.65,8998236,1780.97
1/2/2018,18.85,18.95,18.4,18.9,18.85,1586911,297.47
1/1/2018,18.9,19.55,18.55,18.7,18.7,7244320,1376.58
12/29/2017,19.1,19.6,18.55,18.7,18.65,7233492,1376.41
12/28/2017,20.3,20.3,18.8,19,19,7260356,1393.63
12/27/2017,22,22.35,19.6,19.8,19.75,9803920,2017.96
12/26/2017,20.65,21.8,20.2,21.6,21.45,8387337,1765.45
12/22/2017,19,20.9,19,20.55,20.25,7001268,1391.29
12/21/2017,17.85,19.1,17.4,19,18.85,5685510,1046.22
12/20/2017,17.45,18.45,16.5,17.75,17.75,7012828,1238.79
12/19/2017,17.2,17.85,17.05,17.5,17.55,2990899,520.84
12/18/2017,17.15,17.5,16.1,17.25,17.15,2336016,397.93
12/15/2017,16.05,17.55,15.25,17.25,17.25,8743250,1469.07
12/14/2017,18.2,18.35,15.7,16.1,16.2,12049659,1973.44
12/13/2017,19.25,19.35,18.75,18.8,18.8,1897984,360.5
12/12/2017,19.3,19.5,18.85,19.05,19.2,2809028,536.81
12/11/2017,19.25,19.8,18.3,19.55,19.4,6695297,1279.8
12/8/2017,20.25,20.55,19.15,19.3,19.25,13557496,2670.74
12/7/2017,21.7,22.3,19.9,20.1,20.25,15118524,3158.44
12/6/2017,22.9,23.35,21.3,21.35,21.5,9601488,2114.2
12/5/2017,23.05,23.7,22.4,22.85,22.9,3848964,877.82
12/4/2017,22.2,23.2,21.4,22.8,22.75,5156701,1140.35
12/1/2017,22.8,23.4,21.85,22,21.95,6814682,1528.11
11/30/2017,23.45,23.9,22.4,22.45,22.8,6253129,1439.24
11/29/2017,24.1,24.9,23.35,23.5,23.5,6821570,1630.39
11/28/2017,25.2,25.2,23.7,23.9,24.1,4730598,1149.96
11/27/2017,24.3,25.5,23.6,25.3,24.9,4245263,1033.3
11/24/2017,24.75,25.5,24,24.15,24.15,4829885,1186.93
11/23/2017,26.75,27.6,24.3,24.8,24.75,9812855,2535.82
11/22/2017,25.8,26.8,25.5,26.45,26.4,9708829,2534.66
11/21/2017,24.45,25.85,23.6,25.65,25.25,8195479,2019.13
11/20/2017,22.5,24.5,22.25,24.3,24.1,7713879,1807.78
11/17/2017,22.25,22.35,21.75,22.15,21.9,1556658,342.65
11/16/2017,21.55,22.15,21.2,21.95,21.85,3196283,693.55
11/15/2017,21.95,22.5,21.25,21.75,21.55,5571934,1214.31
11/14/2017,24.1,25.25,21.9,22.05,22.35,15744867,3708.73
11/13/2017,25.4,26.75,23.85,23.95,24,15040501,3748.04
11/10/2017,26.3,28.4,24.85,25,25.1,26514349,7019.52
11/9/2017,26.4,27.85,25.65,25.8,25.8,12532048,3311.39
11/8/2017,25.5,28.85,25.2,26,26.05,16011964,4333.67
11/7/2017,27.35,27.5,24.7,24.9,25.1,2118849,548.77
11/6/2017,28.5,28.65,26.35,27.15,27.35,2572047,711.42
11/3/2017,30,31.35,27.55,27.9,27.9,15928697,4656.84
11/2/2017,28.95,33.75,27.8,28.85,29.45,25655412,7841.3
11/1/2017,24.9,29,24.15,28.3,28.5,10033159,2702.82
10/31/2017,23.95,24.8,23.5,24.1,24.2,1690844,404.65
10/30/2017,21.7,24.05,21.65,23.4,23.75,2221077,518.49
10/27/2017,22.2,22.35,21.6,21.7,21.65,442328,97.25
10/26/2017,22.6,22.6,21.9,21.9,21.95,507086,113.05
10/25/2017,23,23,22.2,22.45,22.35,564936,127.24
10/24/2017,22.6,23.1,22.6,22.65,22.7,345367,79.07
10/23/2017,23.25,23.45,22.65,22.85,22.8,453286,104.23
10/19/2017,23.4,23.75,22.85,23.75,23.25,295983,69.13
10/18/2017,23.25,23.85,23,23.05,23.1,551449,128.75
10/17/2017,23.7,24.2,23.1,23.2,23.25,738430,174.61
10/16/2017,22.8,24.5,22.6,23.7,23.6,1544706,368.29
10/13/2017,22.8,23,22.55,22.55,22.6,370575,84.55
10/12/2017,23,23.2,22.5,22.65,22.6,441397,101.01
10/11/2017,23.35,23.95,22.55,22.75,22.75,641605,150.22
10/10/2017,23.55,23.8,23.2,23.2,23.35,453484,106.61
10/9/2017,23.05,24.15,23.05,23.45,23.55,747778,177.13
10/6/2017,23.15,24.35,23.15,23.35,23.4,644962,152.14
10/5/2017,23.5,24,23.05,23.2,23.2,364864,85.49
10/4/2017,24.4,24.4,23.5,23.7,23.65,407192,97
10/3/2017,24.2,25.15,23.9,24.2,24.25,1038455,254.75
9/29/2017,25.25,25.45,24.05,24.1,24.25,2008785,497.26
9/28/2017,22.3,25.4,22.15,24.75,24.95,5896769,1449.08
9/27/2017,23,23.3,22.15,22.2,22.25,393236,89.32
9/26/2017,22.9,23.35,22.7,22.85,22.85,335701,76.85
9/25/2017,23.15,23.45,22.2,23,22.95,542937,124.28
9/22/2017,23.9,24.3,22.1,23.2,23.4,861507,200.49
9/21/2017,24.75,25.2,23.5,23.85,23.95,803067,195
9/20/2017,24.1,24.85,23.6,24.55,24.5,1661325,404.4
9/19/2017,22.35,24.4,22,23.9,24.1,2253042,527.06
9/18/2017,21.15,22.95,21.1,22.35,22.35,1364394,305.44
9/15/2017,21.8,23.1,21.25,21.85,21.9,1116122,245.78
9/14/2017,21.85,22.5,21.8,22.1,22.05,472813,104.35
9/13/2017,23.7,25.75,21.4,21.85,21.8,4313575,992.74
9/12/2017,23.6,24.3,23.3,23.9,24.1,981361,234.5
9/11/2017,22.9,24.4,22.55,23.55,23.9,1829865,432.44
9/8/2017,23.8,23.8,22.55,22.8,22.95,918273,210.56
9/7/2017,23.1,24.5,22.3,23.4,23.7,3047994,721.29
9/6/2017,21.4,23.3,20.3,22.2,22.2,3926963,858.34
9/5/2017,19.3,22.3,18.7,21.5,21,3021377,623.92
9/4/2017,19.7,19.7,18.9,19.3,19.15,6248999,1192.07
9/1/2017,19.15,20,19,19.5,19.45,2540769,494.16
8/31/2017,18.95,19.65,18.45,19.1,19.1,1292631,248.34
8/30/2017,19.65,20.15,18.7,18.75,18.75,1331016,254.06
8/29/2017,21.25,21.5,19.1,19.4,19.65,1358341,272.56
8/28/2017,21.7,22.9,21.3,21.4,21.5,423535,92.2
8/24/2017,21.6,21.7,21.3,21.4,21.35,387148,82.95
8/23/2017,21.55,21.75,21.35,21.45,21.45,388560,83.44
8/22/2017,22,22.1,21.3,21.4,21.5,301441,65.38
8/21/2017,22.7,22.95,21.8,21.8,21.9,280730,62.41
8/18/2017,22.5,22.65,22.1,22.65,22.4,335431,74.7
8/17/2017,23.1,23.35,22.25,22.3,22.4,397205,90.09
8/16/2017,23.45,23.7,22.1,22.95,22.9,491308,113.49
8/14/2017,22.4,24,21.75,23.35,23.55,1913431,443.05
8/11/2017,21.25,21.25,20,20.65,20.7,331802,68.89
8/10/2017,22.05,22.2,20.1,21.15,20.6,450782,96.16
8/9/2017,22.35,22.5,21.9,21.9,22.05,555090,123.89
8/8/2017,23.35,23.35,22.15,22.4,22.25,361040,82.11
8/7/2017,23.5,23.7,22.9,23.05,23,391419,90.55
8/4/2017,23.3,23.5,23,23.25,23.15,342965,79.71
8/3/2017,23.2,23.65,23.1,23.3,23.25,373056,87.01
8/2/2017,23.35,23.6,22.9,23.05,23.05,368945,85.44
8/1/2017,23.8,23.8,23.3,23.45,23.45,361443,84.83
7/31/2017,24.4,24.4,23.15,23.45,23.3,501862,119.74
7/28/2017,24.2,24.55,23.85,24.05,24.05,470494,113.35
7/27/2017,25,25,23.95,24.05,24.05,558428,135.91
7/26/2017,24.3,25.7,24.25,24.9,24.9,709131,177.93
7/25/2017,24.65,24.9,24.1,24.15,24.25,543089,132.27
7/24/2017,25.2,25.25,24.45,24.65,24.55,421844,104.38
7/21/2017,25.3,25.35,24.4,25.15,25,794777,197.91
7/20/2017,24.1,25.3,24.1,25.2,25.1,927117,230.08
7/19/2017,23.3,24.2,23.3,24.1,24.05,613527,146.29
7/18/2017,24.4,24.4,23.25,23.35,23.35,567539,134.53
7/17/2017,24.8,25,24.1,24.3,24.4,615104,149.71
7/14/2017,25,25,24.15,24.55,24.4,552826,134.8
7/13/2017,25.5,25.8,24.5,24.8,24.95,1076454,269.58
7/12/2017,24.2,27.25,23.3,25.5,25.6,2227462,573.05
7/11/2017,24.75,24.95,24.05,24.4,24.2,872179,214.27
7/10/2017,25.05,25.05,24.05,24.5,24.35,614048,148.76
7/7/2017,21.1,25.3,21.1,24.7,24.85,2715598,649.92
7/6/2017,21.3,21.4,21.05,21.2,21.15,381536,80.94
7/5/2017,20.85,21.25,20.8,21.25,21.25,467754,99.08
7/4/2017,21.3,21.35,20.95,21,21,393731,83.29
7/3/2017,21.55,21.55,21.1,21.15,21.2,283453,60.28
6/30/2017,21.1,21.6,21.1,21.15,21.25,482919,102.84
6/29/2017,21.65,21.65,21.15,21.25,21.2,361683,77
6/28/2017,21.45,21.55,21.15,21.3,21.3,344696,73.65
6/27/2017,21.3,21.7,21.05,21.45,21.45,376474,80.15
6/23/2017,21.5,21.7,21.1,21.15,21.15,372001,78.92
6/22/2017,21.2,22.9,21.2,21.4,21.55,652801,142.88
6/21/2017,21.3,21.45,21.15,21.25,21.25,383019,81.5
6/20/2017,21.4,21.55,21.1,21.3,21.35,330716,70.54
6/19/2017,21.4,21.6,20.95,21.45,21.4,399825,85.6
6/16/2017,21.35,21.4,20.9,21.15,21.15,372439,78.67
6/15/2017,21.45,21.45,21,21.25,21.1,325098,68.78
6/14/2017,21.05,21.75,20.95,21.3,21.25,355726,75.54
6/13/2017,21.5,21.6,20.95,21.1,21.05,325696,69.08
6/12/2017,22.25,22.4,21.4,21.45,21.45,375041,81.56
6/9/2017,22.45,22.5,22.15,22.25,22.25,333574,74.43
6/8/2017,23.1,23.25,22.1,22.3,22.45,353189,79.33
6/7/2017,22.3,22.9,22.3,22.85,22.75,329049,74.6
6/6/2017,22.1,22.5,22.1,22.3,22.3,451653,100.75
6/5/2017,22.15,22.4,22.05,22.3,22.25,318857,70.93
6/2/2017,22.4,22.85,21.95,22.4,22.2,380662,84.66
6/1/2017,22,22.5,21.75,22.4,22.4,360180,80.5
5/31/2017,22,22.2,21.25,22,21.9,435684,94.82
5/30/2017,22.5,22.7,22.1,22.55,22.35,407853,90.99
5/29/2017,23.65,24.85,22.45,22.5,22.55,2047593,479.35
5/26/2017,25,28.1,23.45,23.5,23.85,5608605,1397.49
5/25/2017,23.85,24,23.3,23.65,23.75,289341,68.57
5/24/2017,24.2,24.3,23.55,23.7,23.8,469977,112.46
5/23/2017,24.5,24.8,23.8,23.95,23.95,358682,86.02
5/22/2017,24.1,25.15,24.1,24.6,24.55,394832,97.63
5/19/2017,25.55,25.65,24.8,24.95,24.85,489989,123.29
5/18/2017,25.9,25.95,24.9,25,25.05,311389,78.92
5/17/2017,26.1,26.2,25.65,25.75,25.85,337356,87.39
5/16/2017,26,26.3,25.75,26.1,26.05,317416,82.45
5/15/2017,26.35,26.4,25.8,26,26,379525,99.08
5/12/2017,26.5,26.8,26,26,26.05,502352,131.86
5/11/2017,25.85,26.4,25.75,26.3,26.2,402512,104.75
5/10/2017,25.5,26.75,25.45,25.9,25.85,669644,175.12
5/9/2017,26,26,25.35,25.55,25.5,333441,85.42
5/8/2017,26.3,26.35,25.65,25.9,25.75,320214,83.13
5/5/2017,26.55,27.1,25.9,26,26.05,1015184,268.97
5/4/2017,25.05,27,24.2,26.6,26.55,1360548,358.05
5/3/2017,25.25,25.45,24.8,24.8,24.85,340246,85.6
5/2/2017,25.15,25.5,25.05,25.35,25.2,320548,80.94
4/28/2017,25.35,25.5,25.2,25.35,25.4,360614,91.62
4/27/2017,25.5,25.5,24.6,25.05,25,326412,81.93
4/26/2017,25.9,26.3,25.2,25.35,25.4,435551,112.2
4/25/2017,26.05,26.6,25.7,25.8,25.8,506636,131.98
4/24/2017,26,27,25.6,26.2,26.2,1470163,390.01
4/21/2017,25.05,27.3,25.05,25.9,25.8,1549751,404.69
4/20/2017,24.95,25.4,24.9,25.1,25.1,482653,121.27
4/19/2017,24.7,25.1,24.55,24.9,24.8,388817,96.47
4/18/2017,25.2,25.65,24.5,24.65,24.6,1291800,325.56
4/17/2017,25.05,25.45,24.9,24.95,24.95,637110,159.77
4/13/2017,25.9,25.9,24.8,25.05,25.05,1150474,293.26
4/12/2017,25.5,26.25,25.45,25.7,25.7,731639,189.8
4/11/2017,25.85,26.1,25.45,25.6,25.6,396896,102.37
4/10/2017,26.3,26.45,25.8,25.9,25.95,476834,124.66
4/7/2017,26.4,26.85,25.55,26.2,26.25,537977,142.48
4/6/2017,26.6,26.8,26.45,26.45,26.55,379687,101.23
4/5/2017,26.9,26.9,26.4,26.55,26.6,635097,168.86
4/3/2017,27.5,27.7,26.7,26.75,26.85,513765,138.57
3/31/2017,27,27.7,26.45,27.05,27.15,890889,240.34
3/30/2017,27.65,27.75,26.9,27,27.05,327528,89.49
3/29/2017,28.1,28.2,27.25,27.55,27.8,748780,207.38
3/28/2017,28.05,29,27.45,28.1,27.8,1805720,507.86
3/27/2017,27.3,27.45,26.7,26.75,26.8,374475,100.61
3/24/2017,27.6,27.65,27.1,27.3,27.2,604546,165.41
3/23/2017,27.3,27.8,27.1,27.5,27.5,351867,96.5
3/22/2017,27,27.4,26.85,27,26.9,262389,71.15
3/21/2017,27.6,28,26.9,27.4,27.2,531791,145.82
3/20/2017,27.45,27.9,27,27.65,27.6,460102,126.88
3/17/2017,28,28.1,27.35,27.6,27.45,384065,106.01
3/16/2017,28.3,28.3,27.85,27.9,27.95,766812,214.97
3/15/2017,28.4,28.95,27.75,27.95,27.9,628636,177.46
3/14/2017,29.25,29.85,28.3,28.4,28.55,787369,230.1
3/10/2017,28.95,29.95,28.55,28.7,28.8,873109,254.83
3/9/2017,29.25,30.4,28.7,28.8,28.9,2281186,673.08
3/8/2017,28.85,29.65,28.1,29.3,29.25,2502904,727.57
3/7/2017,30.5,30.9,28.7,28.85,28.9,4576547,1337.61
3/6/2017,27.35,28.6,27.25,28.05,28.2,1323384,370.78
3/3/2017,27.7,28.6,27.1,27.1,27.25,1284433,356.93
3/2/2017,27.6,29.5,27.6,27.95,27.9,3438564,981.11
3/1/2017,26.35,27.6,26.3,27.3,27.45,910847,247.45
2/28/2017,26.3,26.4,26.05,26.2,26.2,414149,108.53
2/27/2017,26.4,26.6,26.1,26.5,26.4,557595,146.62
2/23/2017,26.25,26.3,25.85,26.05,26.05,348078,90.75
2/22/2017,26.5,26.8,25.8,26,26.1,520694,137.18
2/21/2017,26.25,26.95,26.05,26.3,26.35,546436,144.64
2/20/2017,26.2,26.7,25,26.35,26.3,631077,165.86
2/17/2017,26.8,26.95,26.05,26.05,26.15,747794,197.37
2/16/2017,26.1,27.4,26,26.5,26.55,1765667,468.96
2/15/2017,28.95,29.65,25.9,26.45,26.4,4403305,1226.98
2/14/2017,31.2,31.8,27.85,28.45,28.85,8113841,2368.37
2/13/2017,25.8,30.9,25.25,30.9,30.2,4904588,1463.96
2/10/2017,25.4,26.7,25.15,25.7,25.75,748026,194.59
2/9/2017,25.75,25.85,24.35,25.2,25.3,518397,129.89
2/8/2017,25.6,26,25.55,25.8,25.75,513064,132.28
2/7/2017,25.65,25.9,25.2,25.7,25.6,573508,146.74
2/6/2017,25.2,25.85,24.9,25.75,25.55,680533,172.5
2/3/2017,23.7,25.2,23.2,25.1,24.95,1179381,283.99
2/2/2017,22.8,23.65,22.8,23.35,23.35,498338,116.28
2/1/2017,23.25,23.5,22.8,23,22.95,634058,146.45
1/31/2017,23.6,23.8,23,23.2,23.35,771204,179.66
1/30/2017,24.5,24.9,23.55,23.7,23.9,934618,223.73
1/27/2017,24.65,25.35,24.55,24.65,24.8,852933,212.28
1/25/2017,26.1,26.35,24.7,24.8,24.8,1068966,268.68
1/24/2017,26.6,27.5,25.85,25.95,26,1390847,366.96
1/23/2017,28.15,29.2,25.75,26.45,26.35,4886390,1309.23
1/20/2017,26,28.2,25.55,27.1,27.2,13325228,3618.12
1/19/2017,20.05,24.05,20.05,24.05,24.05,5917165,1374.82
1/18/2017,20.1,20.85,19.95,19.95,20.05,671066,137.1
1/17/2017,20.3,20.3,19.85,20.15,20.1,300776,60.43
1/16/2017,20,20.3,19.8,20.3,20.3,323048,64.93
1/13/2017,20.1,20.25,20.05,20.15,20.15,320749,64.63
1/12/2017,20.45,20.5,20,20.05,20,309057,62.52
1/11/2017,20.45,20.6,20.3,20.35,20.35,413261,84.48
1/10/2017,20.45,20.5,20.3,20.35,20.4,278824,56.88
1/9/2017,20.5,20.5,19.95,20.1,20.25,356229,71.89
1/6/2017,20.4,20.7,20.05,20.2,20.1,380580,77.75
1/5/2017,20.2,20.5,20,20.3,20.25,292599,59.11
1/4/2017,20,20,19.65,19.8,19.85,338217,67.1
1/3/2017,19.4,19.9,19.25,19.6,19.7,328943,64.69
1/2/2017,19.2,19.4,18.7,19.4,19.3,313534,59.59
12/30/2016,19.15,19.35,18.9,18.95,18.95,1374682,263.18
12/29/2016,18.9,19.05,18.85,18.9,18.95,406109,76.83
12/28/2016,19.15,19.15,18.65,18.75,18.75,490950,93.31
12/27/2016,18.95,19.15,18.6,18.8,18.85,479764,90.38
12/26/2016,18.95,19.1,18.65,18.75,18.8,357182,67.29
12/23/2016,19.1,19.3,18.9,18.95,18.95,410348,78.41
12/22/2016,19,19.4,18.95,19.15,19.1,454751,87
12/21/2016,19.5,19.55,19.1,19.3,19.15,577312,111.61
12/20/2016,19.6,19.85,18.9,19.2,19.15,350723,68.48
12/19/2016,19.7,20.2,19.4,19.5,19.6,443652,87.71
12/16/2016,19.75,19.85,19.55,19.7,19.75,394010,77.62
12/15/2016,19.6,20.2,19.5,19.75,19.65,378892,74.69
12/14/2016,20.15,20.2,19.6,19.7,19.7,448504,89.68
12/13/2016,19.8,20.45,19.7,20.05,20.05,392848,78.4
12/12/2016,19.8,19.85,19.55,19.75,19.7,292702,57.65
12/9/2016,19.7,19.85,19.5,19.6,19.7,311375,61.5
12/8/2016,19.75,19.9,19.5,19.6,19.55,305031,59.81
12/7/2016,19.95,20,19.3,19.3,19.35,338723,66.11
12/6/2016,20,20.05,19.75,19.9,19.85,325462,64.79
12/5/2016,19.9,20.35,19.6,19.8,19.8,405648,81.13
12/2/2016,19.9,20,19.5,19.85,19.8,352406,70.02
12/1/2016,20.65,20.95,19.5,20,19.85,373642,75.16
11/30/2016,20.35,20.7,20.05,20.55,20.65,533943,109
11/29/2016,20,20.7,20,20.1,20.1,473583,95.7
11/28/2016,19.75,20.35,19.75,20.15,20,521408,104.16
11/25/2016,19.6,20.2,19.5,19.95,20,521694,103.97
11/24/2016,19.1,20.4,18.8,19.9,19.5,442560,87.32
11/23/2016,19.4,19.4,18.65,19,19.05,457861,86.85
11/22/2016,19.9,19.9,18.8,19.05,19.05,487355,93.23
11/21/2016,20.4,20.5,19.1,19.5,19.45,230454,45.87
11/18/2016,20.6,20.75,19.8,20.2,20.1,331287,67.3
11/17/2016,20.1,20.75,20.1,20.35,20.3,329651,67.31
11/16/2016,20.75,20.9,19.8,20.2,20.25,186804,37.78
11/15/2016,21.3,21.7,20,20.25,20.35,137095,28.38
11/11/2016,22.4,22.4,21.25,21.25,21.3,192393,41.42
11/10/2016,22,22.95,22,22.2,22.35,229396,51.64
11/9/2016,20,21.95,19.1,21.5,21.55,314750,65.28
11/8/2016,22.85,23.1,22.7,22.95,22.85,254116,58.06
11/7/2016,22.3,23.1,22.3,22.7,22.6,286492,65.25
11/4/2016,22.9,23.2,22.35,22.35,22.4,157827,35.82
11/3/2016,22.85,23.75,22.65,22.85,22.85,404280,93.84
11/2/2016,23.25,23.3,22.85,22.85,22.9,189725,43.76
11/1/2016,23.05,24,22.8,23.15,23.2,278179,65.37
10/30/2016,23.3,23.5,22.8,23.1,23.05,81774,18.92
10/28/2016,23,23.15,22.7,22.75,22.85,230407,52.84
10/27/2016,23,23.45,22.6,22.7,22.75,179256,41.38
10/26/2016,23.45,23.45,23.05,23.05,23.1,193390,44.91
10/25/2016,23.75,23.75,23.05,23.6,23.45,152769,35.82
10/24/2016,23.55,23.65,23.3,23.5,23.5,69545,16.34
10/21/2016,23.75,23.95,23.3,23.35,23.35,284142,66.69
10/20/2016,24.15,24.15,23.45,23.7,23.65,299315,70.72
10/19/2016,23.95,24.2,23.55,23.9,23.8,159816,38.12
10/18/2016,23.6,24.4,23.35,23.95,24,385155,92
10/17/2016,23.5,23.7,23.25,23.5,23.45,253122,59.43
10/14/2016,23.55,23.9,22.95,23.3,23.3,511991,119.43
10/13/2016,23.65,23.75,22.5,23.15,23.15,263138,61.24
10/10/2016,23.55,24.75,23.55,24,23.95,606093,146.44
10/7/2016,23.75,24.25,23.2,23.3,23.55,426101,101.11
10/6/2016,22,24.6,21.95,23.6,23.7,2349520,555.39
10/5/2016,21.85,22.25,21.7,21.95,21.9,99666,21.83
10/4/2016,22.5,22.55,21.75,21.9,21.85,831585,183.02
10/3/2016,21.05,22.15,20.95,21.9,21.85,437457,94.42
9/30/2016,20.35,21.45,20.3,21.05,20.85,423726,88.83
9/29/2016,22.2,22.8,20.05,20.2,20.3,673199,145.2
9/28/2016,21,22.4,20.95,22.3,22.25,977193,213.75
9/27/2016,20.8,21.25,20.7,21,21.05,549665,115.03
9/26/2016,20.55,21.15,20.5,20.75,20.65,424794,88.33
9/23/2016,20.7,20.95,20.45,20.6,20.65,493983,102.04
9/22/2016,20.9,21,20.4,20.5,20.5,436739,90.42
9/21/2016,20.7,21.35,20.35,20.4,20.65,406990,84.71
9/20/2016,20.45,21.2,20.2,20.7,20.9,674450,140.01
9/19/2016,20.5,20.8,20.3,20.35,20.45,283640,58.44
9/16/2016,20.75,21.35,20.3,20.4,20.4,207081,43.13
9/15/2016,21.1,21.6,20.5,20.6,20.6,249842,52.55
9/14/2016,20.7,21.4,20.35,20.85,20.95,241526,50.57
9/12/2016,20.9,21,20.25,20.65,20.55,189054,39.07
9/9/2016,21.2,21.95,21.05,21.55,21.4,866119,185.06
9/8/2016,20.5,21.2,20.2,20.9,20.95,529873,110.33
9/7/2016,20.85,21.25,20.45,20.45,20.5,221880,45.87
9/6/2016,20.4,21.2,20,20.6,20.85,557691,115.27
9/2/2016,19.6,20.8,18.95,20.2,20.4,992809,199.21
9/1/2016,20.05,20.45,19.05,19.3,19.35,598433,118.06
8/31/2016,20.2,20.6,20.05,20.05,20.3,280811,56.97
8/30/2016,20.35,20.8,20,20.1,20.15,215874,43.91
8/29/2016,20.5,20.6,19.85,20.15,20.05,333190,67.1
8/26/2016,20.9,21.25,20.4,20.4,20.6,184262,38.12
8/25/2016,21.45,21.45,20.7,20.7,20.75,180406,37.55
8/24/2016,20.65,21.5,20.6,20.6,20.7,509708,106.36
8/23/2016,21.25,21.55,20.25,20.5,20.55,386972,80.89
8/22/2016,22,22.15,21,21.1,21.25,773100,165.7
8/19/2016,22.25,22.25,21.3,21.65,21.65,619317,135.04
8/18/2016,22.5,23.8,19.25,21.6,21.9,6163367,1284.33
8/17/2016,22.35,22.9,21.6,22.05,21.9,446135,97.8
8/16/2016,22.95,23.1,21.6,22.4,22.25,369612,82.43
8/12/2016,23.25,23.85,22.75,22.75,23,233647,54.76
8/11/2016,23.25,23.5,22.85,23.1,23.2,205511,47.57
8/10/2016,23.75,24.05,23.05,23.2,23.2,231720,54.15
8/9/2016,23.65,23.95,23.2,23.8,23.8,577468,137.04
8/8/2016,23.35,23.95,23.25,23.6,23.8,276435,65.32
8/5/2016,23,23.8,22.65,23.3,23.6,877494,205.4
8/4/2016,23.05,23.75,22.55,22.85,22.85,219549,50.88
8/3/2016,22.7,23.4,22.4,22.95,22.95,260030,59.52
8/2/2016,23.65,23.75,22.55,22.8,22.8,240652,56.02
8/1/2016,23.5,23.95,23.2,23.55,23.75,377017,89.21
7/29/2016,23.6,23.9,23.25,23.35,23.55,330541,77.88
7/28/2016,24.1,24.5,23.2,23.45,23.6,356316,84.97
7/27/2016,24,24.8,23.5,24,24.15,503978,121.36
7/26/2016,24.35,24.9,19.9,23.75,24.05,914826,213.59
7/25/2016,23.45,25.2,22.75,24,24.3,3016669,720.32
7/22/2016,22.15,23.5,22.15,22.75,22.95,819260,186.38
7/21/2016,22.45,22.75,22,22.4,22.15,193759,43.4
7/20/2016,22.1,22.7,22.05,22.6,22.45,238837,53.61
7/19/2016,22.35,22.9,22.05,22.25,22.2,313336,70.58
7/18/2016,23.05,23.25,22.1,22.45,22.6,600157,137.93
7/15/2016,23.3,23.7,22.5,22.6,22.9,260231,59.74
7/14/2016,23.15,23.55,22.55,23,23.35,713728,164.88
7/13/2016,21.9,23.95,21.25,23.05,23.15,1269676,288.04
7/12/2016,23.25,23.95,22.85,22.85,23,308495,72.25
7/11/2016,22.55,23.5,22.55,23.25,23.35,798032,185.42
7/8/2016,22.95,22.95,22.1,22.2,22.3,168000,37.83
7/7/2016,22.25,22.95,22,22.7,22.8,615949,139.29
7/5/2016,22.05,22.75,21.8,22.45,22.35,200599,44.91
7/4/2016,22.7,22.9,22.05,22.05,22.15,347267,77.75
7/1/2016,22.75,23.3,22.15,22.3,22.25,349258,78.93
6/30/2016,22.95,23.95,22.3,22.3,22.5,620590,142.6
6/29/2016,21.65,23.1,21.5,22.95,22.95,1119038,252.66
6/28/2016,21.15,21.85,20.8,21.4,21.5,571734,123.26
6/27/2016,20.65,21.7,20.65,20.95,20.95,172988,36.32
6/24/2016,20.95,20.95,19.75,20.75,20.75,375524,77.12
6/23/2016,21.75,22.1,21.15,21.65,21.8,291002,62.81
6/22/2016,21.75,22.35,21.5,21.7,21.55,351890,77.04
6/21/2016,22.3,23.7,21.45,21.8,21.85,812385,180.38
6/20/2016,20.9,23,20.8,22.4,22.05,614221,134.13
6/17/2016,21.35,21.75,21,21.15,21.2,359105,76.85
6/16/2016,21.5,22.35,21,21.1,21.2,771547,166
6/15/2016,21,21.75,20.8,21.35,21.45,607784,128.82
6/14/2016,20.75,21,20.5,20.9,20.9,492775,102.31
6/13/2016,20.5,20.8,20.25,20.6,20.55,97293,19.89
6/10/2016,20.4,21,20.25,20.35,20.45,873434,181.49
6/9/2016,20.2,20.6,20,20.35,20.35,209308,42.55
6/8/2016,21,21,19.8,20.15,20.2,526349,106.13
6/7/2016,21.05,21.4,20.5,20.65,20.75,410104,86.02
6/6/2016,21.6,21.6,20.65,20.95,21.05,302069,63.51
6/3/2016,22.25,22.9,20.75,21,21.2,608577,131.12
6/2/2016,21.4,22.45,21.05,21.65,22,848232,185.84
6/1/2016,21.4,22.3,21.05,21.6,21.55,329900,71.18
5/31/2016,22,22.7,20.15,21.7,22.05,1829474,394.54
5/30/2016,22.25,23.3,21.8,22.1,22,236266,52.5
5/27/2016,23.7,23.7,22,22.05,22.2,207545,47.42
5/26/2016,23.5,24.1,22.85,23.3,23.3,1448245,339.61
5/25/2016,19.95,23.4,17.8,22.85,22.65,2838940,579.29
5/24/2016,22.05,22.4,21.7,22.15,22.1,180803,39.74
5/23/2016,22.7,23.85,21.75,22.05,21.9,365313,82.64
5/20/2016,23.45,23.45,22.25,22.4,22.45,193284,43.84
5/19/2016,23.35,23.4,22.95,23.1,23.05,92393,21.43
5/18/2016,23.25,23.45,23.1,23.35,23.25,82183,19.1
5/17/2016,23.5,23.95,23.15,23.25,23.25,125968,29.57
5/16/2016,23.5,23.8,22.95,23.25,23.25,117071,27.35
5/13/2016,24.2,24.2,23.2,23.45,23.4,120770,28.42
5/12/2016,24.2,24.5,23.6,23.65,23.85,197735,47.6
5/11/2016,22.95,24,22.55,24,23.9,350776,82.85
5/10/2016,24.35,24.75,22.7,22.9,22.95,415907,96.85
5/9/2016,24.2,24.9,23.55,23.9,23.95,224122,53.89
5/6/2016,24,24.5,23.7,23.75,23.95,225046,54.02
5/5/2016,25.05,25.1,23.6,23.9,24,340262,82.89
5/4/2016,26.3,26.3,24.6,24.95,24.85,337498,85.44
5/3/2016,27.1,27.5,26.1,26.25,26.3,368874,98.55
5/2/2016,28.75,28.8,26.9,27.15,27.1,585962,161.45
4/29/2016,28.65,29.1,28.15,28.4,28.55,147704,42.27
4/28/2016,29.8,29.8,28,28.5,28.6,1361105,394.15
4/27/2016,29.3,30.3,28.75,29.9,30.05,905979,270.56
4/26/2016,29.65,29.65,28.9,28.95,29.15,1354257,394.22
4/25/2016,30.95,30.95,28.8,29.7,29.65,4012844,1178.13
4/22/2016,29.8,31.25,29.05,30.5,30.5,3529990,1059.19
4/21/2016,29.4,29.95,28.8,29.25,29.25,2339008,682.35
4/20/2016,30.15,30.2,28.5,29.05,29.1,1261372,363.51
4/18/2016,29.8,30.8,29.45,29.75,29.75,159050,47.46
4/13/2016,30,30.5,29.6,29.7,29.8,167502,50.21
4/12/2016,30.2,30.3,29.5,29.6,29.6,179663,53.56
4/11/2016,30.5,30.55,29.8,29.8,29.9,169471,50.77
4/8/2016,29.8,30.8,29.45,30.3,30.3,158471,47.63
4/7/2016,30.55,30.9,29.8,29.8,30,428518,129
4/6/2016,30.15,31.05,30,30.6,30.75,161070,48.95
4/5/2016,31.6,31.6,29.4,29.95,29.9,520933,157.34
4/4/2016,32.75,32.75,30.5,31.4,31.3,332212,104.41
4/1/2016,32.55,32.7,32.15,32.2,32.4,165958,53.82
3/31/2016,32.2,33.55,31.5,32.9,32.85,575461,187.31
3/30/2016,30.1,32.4,30.1,32.2,32.15,636332,200.95
3/29/2016,32.2,32.2,29.7,30.9,30,1123041,344.77
3/28/2016,32.5,33.2,31.45,32.25,31.9,541649,175.61
3/23/2016,30.15,32.75,30,32.5,32.25,3670400,1144.22
3/22/2016,30.1,30.45,29.75,30.15,30.2,229861,69.02
3/21/2016,28.4,30.4,28.4,29.7,29.85,488138,144.33
3/18/2016,28.35,29,28.1,28.9,28.55,309645,87.94
3/17/2016,28.25,29.2,28.25,28.7,28.5,232541,66.58
3/16/2016,28,28.35,27.8,28.2,28.05,112278,31.47
3/15/2016,28,28.1,27.75,27.8,27.8,80847,22.51
3/14/2016,28.75,28.75,27.8,27.85,27.9,111836,31.37
3/11/2016,27.6,29.2,27.4,28.25,28.2,298903,84.46
3/10/2016,27.75,28.2,27.2,27.55,27.55,443922,122.37
3/9/2016,26,27.8,25.5,27.4,27.2,212360,55.98
3/8/2016,25.45,27.2,25,26,26.05,263427,68.7
3/4/2016,25.05,25.1,24.9,25.05,24.9,221030,55.08
3/3/2016,24.85,25.1,24.8,25,24.85,115319,28.71
3/2/2016,24.95,25.35,24.75,24.8,24.8,319321,79.33
3/1/2016,24,25.2,24,25.1,24.85,69501,17.15
2/29/2016,23.9,24,23.7,23.8,23.8,110991,26.43
2/26/2016,24.15,24.45,23.9,23.9,24,221326,53.17
2/25/2016,23.85,24.25,23.8,24.25,24.1,55156,13.23
2/24/2016,23.85,24.05,23.7,23.95,23.9,395241,94.48
2/23/2016,24,24.25,23.85,23.9,23.9,53877,12.92
2/22/2016,24,24.6,23.7,24,23.95,288270,69.22
2/19/2016,24.1,25.6,23.6,24,24,370222,89.36
2/18/2016,23.7,24.05,23.2,24,23.95,231373,55.33
2/17/2016,22.35,23.85,21.55,23.6,23.65,213342,48.72
2/16/2016,23.8,24.35,20.5,22,22.4,475322,108.35
2/15/2016,23.2,24.2,22.95,24.1,24,202072,48.1
2/12/2016,22,23.3,22,23,22.95,363996,80.6
2/11/2016,23.3,23.5,21,22.3,22,302136,67.38
2/10/2016,24.4,24.45,23.75,24,23.85,182001,43.62
2/9/2016,24,24.45,23.55,24,24.1,77974,18.76
2/8/2016,24.9,24.9,23.9,23.95,24,203047,49.16
2/5/2016,23.15,25.35,22.8,24.3,24.5,171063,41.22
2/4/2016,23.45,23.45,22.6,23.25,23.2,145080,33.44
2/3/2016,23.5,23.5,22.35,22.9,22.75,139507,31.79
2/2/2016,24.15,24.3,23.5,23.75,23.7,150990,36.04
2/1/2016,24,24.5,23.9,24.25,24.05,382466,91.92
1/29/2016,24.05,24.5,23.75,23.95,24,228962,54.95
1/28/2016,24.1,24.2,23.9,23.95,24,152268,36.56
1/27/2016,24.4,24.4,23.7,23.95,23.95,130439,31.26
1/25/2016,24.45,24.75,23.85,23.9,23.95,162610,39.26
1/22/2016,25.7,25.7,23.5,24,23.95,288969,70.62
1/21/2016,24.75,25.6,24.25,24.55,24.55,98070,24.33
1/20/2016,25.65,26,23.75,24.05,23.95,234852,57.64
1/19/2016,25.5,26.6,25.5,26.05,26.25,74022,19.48
1/18/2016,27.9,27.9,25.8,25.8,25.85,144108,37.69
1/15/2016,27.7,28.2,26.7,26.75,26.9,222626,60.51
1/14/2016,27.6,28.15,27.5,27.7,27.65,137407,38.22
1/13/2016,29.8,29.8,27.65,28.15,28.2,392601,111.48
1/12/2016,30,30.3,29.3,29.55,29.5,131159,38.88
1/11/2016,29.55,30.1,29.3,29.65,29.75,238297,70.96
1/8/2016,30.45,30.6,29.25,29.9,29.95,292388,87.29
1/7/2016,31.1,31.35,29.35,30,29.85,606308,182.78
1/6/2016,31,32.5,30.5,31.9,31.7,1917511,608.97
1/5/2016,30,31.3,29.85,30.65,30.5,869677,266.31
1/4/2016,30.2,30.7,29.75,30,29.95,182073,54.81
1/1/2016,29.5,30.75,29.05,30,30,447724,134.42
12/31/2015,29.55,29.8,29.15,29.4,29.4,95275,28.02
12/30/2015,30,30.1,29.1,29.45,29.4,144462,43.04
12/29/2015,30.4,30.9,29.6,30,29.85,367278,111.38
12/28/2015,28.2,31.9,28,30,30.05,1386838,423.87
12/24/2015,28.3,28.3,27.95,27.95,27.95,116111,32.53
12/23/2015,28.45,28.45,27.9,28,27.95,176846,49.55
12/22/2015,28.3,28.3,27.75,27.8,27.8,125665,35.13
12/21/2015,28,28.45,27.5,27.95,27.9,274169,76.54
12/18/2015,28.05,28.4,27.8,27.95,27.9,107110,30.03
12/17/2015,28.3,28.3,27.75,27.95,28,93181,26.1
12/16/2015,28,28.45,27.65,27.85,27.9,108994,30.52
12/15/2015,28,28.25,27.8,27.9,27.85,105942,29.65
12/14/2015,28.35,28.35,27.7,27.7,27.85,138573,38.78
12/11/2015,28.65,28.65,28,28.4,28.15,137058,38.78
12/10/2015,29,29.3,28.3,28.5,28.45,163517,46.78
12/9/2015,29.55,29.55,28.75,29,28.9,120430,35.06
12/8/2015,29.85,30.05,29.25,29.45,29.45,89392,26.47
12/7/2015,30.1,30.4,29.8,29.9,29.85,120410,36.11
12/4/2015,30.55,31.35,29.9,29.95,29.9,401416,121.39
12/3/2015,30.15,31.65,30,30.85,30.8,407943,126.63
12/2/2015,30.3,30.5,30.05,30.35,30.2,86679,26.23
12/1/2015,30.1,30.7,29.9,30.3,30.2,255396,77.38
11/30/2015,30.5,30.5,29.75,29.85,29.8,173604,52.06
11/27/2015,30.35,30.8,29.9,29.95,30,210428,63.65
11/26/2015,31.3,31.6,30.15,30.4,30.4,207691,64.07
11/24/2015,32,32,31.05,31.25,31.3,527425,165.59
11/23/2015,29.95,31,29.9,31,30.65,250578,76.39
11/20/2015,31,31,29.7,30,29.95,291378,88.63
11/19/2015,29.95,30.2,29.6,29.9,29.85,81148,24.28
11/18/2015,30.1,30.2,29.8,30,29.9,94714,28.42
11/17/2015,30.7,30.9,29.9,30,30.1,258526,78.1
11/16/2015,30.35,30.4,29.65,30,30.1,78283,23.56
11/13/2015,30.6,30.65,30,30.1,30.1,48454,14.65
11/11/2015,30.5,30.8,30.4,30.75,30.6,18883,5.78
11/10/2015,30.75,31,30,30.35,30.25,74234,22.72
11/9/2015,30.4,30.7,29.95,30.65,30.55,56714,17.19
11/6/2015,31.1,31.3,30.55,30.75,30.7,68986,21.26
11/5/2015,31.1,31.6,31.1,31.3,31.45,92520,29.08
11/4/2015,32.25,32.65,30.1,31.3,31.2,155484,49.05
11/3/2015,32,32.95,31.5,32.15,32.25,347110,111.75
11/2/2015,31.75,31.8,31.15,31.3,31.3,44247,13.92
10/30/2015,31.1,32.25,30.75,31.75,31.7,253336,80.44
10/29/2015,31.5,31.7,30.6,30.8,30.9,87090,27.1
10/28/2015,31.85,32,31,31.35,31.2,105729,33.28
10/27/2015,31.75,32.1,31.6,31.8,31.8,197012,62.66
10/26/2015,32.7,32.7,31.75,31.9,31.9,330266,105.69
10/23/2015,33,33.05,32.25,32.3,32.35,149322,48.75
10/21/2015,32.5,33.15,32.45,32.7,32.6,139230,45.69
10/20/2015,32.95,33.15,32.5,32.6,32.6,164262,53.92
10/19/2015,32.65,33.3,32.25,32.7,32.75,174132,57.16
10/16/2015,32.5,32.75,32.1,32.15,32.15,138863,44.9
10/15/2015,32.6,32.95,32.2,32.35,32.3,182181,59.32
10/14/2015,32.75,33.35,32.15,32.35,32.45,250515,81.88
10/13/2015,33,33,32.25,32.55,32.45,117274,38.1
10/12/2015,33.5,33.5,32.15,32.35,32.4,289991,94.87
10/9/2015,34.4,34.55,32.8,33,33.05,487023,163.4
10/8/2015,34.5,34.5,32.85,33.55,33.3,1216116,407.74
10/7/2015,31.95,34.25,31.9,33.75,33.9,678936,227.17
10/6/2015,32.45,32.45,31.55,31.8,31.9,120626,38.56
10/5/2015,31.75,32.3,31.6,31.8,31.8,99426,31.72
10/1/2015,31.75,32.15,31.25,31.3,31.4,59351,18.8
9/30/2015,31.8,32.2,31.65,31.8,31.8,225067,71.77
9/29/2015,31.3,31.9,31.05,31.65,31.55,100898,31.74
9/28/2015,32.05,32.5,31.3,31.5,31.45,104196,33.15
9/24/2015,32.35,32.75,31.75,32,31.95,144864,46.55
9/23/2015,32.5,33.7,31.65,32.15,32.2,281711,91.75
9/22/2015,34.4,34.5,32.2,32.2,32.5,388787,128.51
9/21/2015,34.85,34.95,33.6,34.05,34,183123,62.73
9/18/2015,34.25,36.8,33.45,34.3,34.55,1126703,398.32
9/16/2015,37.5,37.75,34,34.6,34.25,2274927,810.89
9/15/2015,32,35.5,31.85,34.75,34.7,377096,128.87
9/14/2015,32.05,32.35,31.8,32,31.9,36718,11.77
9/11/2015,32.1,32.45,31.75,32.1,32.25,50752,16.32
9/10/2015,33,33,31.5,31.5,31.55,104171,33.21
9/9/2015,32.25,33.45,31.6,32.95,33,74049,24.21
9/8/2015,32,32.8,30.9,31.6,31.5,149489,47.36
9/7/2015,32.25,32.95,32.1,32.55,32.15,40948,13.25
9/4/2015,33.45,33.45,32.2,32.7,32.45,88402,28.81
9/3/2015,32.6,34.7,32.3,33.7,33.6,253683,85.8
9/2/2015,32.75,33.05,32.2,32.5,32.7,45176,14.76
9/1/2015,33.5,33.5,32.4,32.6,32.65,58911,19.4
8/31/2015,32.3,34.5,32.25,33.6,33.75,128386,43.07
8/28/2015,33,33.5,32,33,32.4,93438,30.57
8/27/2015,32.4,33,31.5,32.55,32.5,52415,16.96
8/26/2015,30.55,32.5,30.45,31.05,31.4,377635,120.24
8/25/2015,30.6,33,29.4,30.75,30.85,109211,33.83
8/24/2015,33.4,33.6,30.1,31.95,31.6,203533,65.99
8/21/2015,34.3,34.85,34,34.2,34.4,56417,19.44
8/20/2015,35.9,35.9,34.8,35,34.85,80537,28.31
8/19/2015,36.3,36.3,35.55,35.8,35.8,80549,28.91
8/18/2015,35.85,36.55,35.1,36,36.15,221201,79.54
8/17/2015,34.75,36.2,34.1,35.55,35.15,393813,138.39
8/14/2015,33.55,34.5,33.05,33.75,33.75,78963,26.61
8/13/2015,32.4,34.15,32.4,33.5,33.55,264720,88.81
8/12/2015,36.3,36.3,32,32.15,32.45,434877,145.99
8/11/2015,37.35,37.6,35.5,35.75,35.85,254009,92.16
8/10/2015,37.1,38.1,36.55,37.1,37.25,403524,150.43
8/7/2015,37,37.35,36.55,36.6,37,234339,86.68
8/6/2015,37.95,37.95,36.9,37,37.15,173131,64.79
8/5/2015,38.2,38.5,37.25,37.45,37.5,145312,54.9
8/4/2015,38.45,39.25,37.35,37.65,37.65,251676,96.11
8/3/2015,37.45,38.7,37.45,38.6,38.25,864625,329.01
7/31/2015,34.55,37.15,34.55,36.85,36.65,370787,133.93
7/30/2015,34.6,35.1,34.3,34.7,34.65,88616,30.76
7/29/2015,34.4,34.75,34,34.3,34.3,78855,27.05
7/28/2015,34.5,35.3,33.8,34.1,34,115366,39.44
7/27/2015,35.85,36.05,34.5,35,34.7,165369,57.66
7/24/2015,36.75,36.9,35.7,35.7,35.9,233063,84.37
7/23/2015,36,36.95,35.25,36.7,36.45,484277,173.84
7/22/2015,36.65,37.4,35.4,35.75,35.75,606253,217.98
7/21/2015,35.9,35.9,34.7,34.7,35,74179,26.09
7/20/2015,36.05,36.4,35.5,35.5,35.65,103714,37.15
7/17/2015,36.9,37.45,35.65,35.8,35.8,145968,52.7
7/16/2015,36.85,37.2,36.25,36.3,36.4,129449,47.45
7/15/2015,36.9,37.2,36.7,36.85,36.85,159889,59.03
7/14/2015,37.25,38,36.3,36.6,36.65,288873,107.32
7/13/2015,38.25,38.5,36.1,36.95,37,249802,92.74
7/10/2015,40.5,40.5,37.2,37.75,37.95,821849,315.53
7/9/2015,40.9,41.4,39.8,40.15,40.05,136129,54.87
7/8/2015,42,42.7,40.1,40.15,40.2,239874,97.63
7/7/2015,40.95,44.7,40.95,42.45,42.45,642101,277.66
7/6/2015,39.5,41.25,39,41,40.75,247297,100.35
7/3/2015,39.95,40.9,39.25,39.6,39.6,84811,33.96
7/2/2015,39.95,40.5,39.55,39.8,39.65,173218,69.07
7/1/2015,39.35,40.25,39.15,39.7,39.7,109972,43.77
6/30/2015,39.25,39.5,39,39.25,39.2,21016,8.25
6/29/2015,39.95,39.95,39.05,39.4,39.35,32661,12.85
6/26/2015,39.55,40.1,39.3,39.75,39.9,40158,15.98
6/25/2015,39.8,40.6,39.8,39.8,39.85,58247,23.37
6/24/2015,40.1,40.75,39.85,40.1,40.15,58967,23.71
6/23/2015,40.1,40.25,39.85,40,40,57461,22.99
6/22/2015,40.25,40.55,39.85,40,40,70404,28.27
6/19/2015,40,41.1,39.95,39.95,40.05,79904,32.3
6/18/2015,40.2,40.65,39.9,39.9,40.05,33538,13.48
6/17/2015,41.5,41.5,39.7,40,40.1,47550,19.21
6/16/2015,40.95,43.95,40.2,40.7,40.85,76389,31.29
6/15/2015,41.65,41.65,40.4,40.55,40.7,133795,54.5
6/12/2015,40.6,42,40,40.5,40.5,79692,32.47
6/11/2015,40.2,40.9,40,40.75,40.55,139771,56.55
6/10/2015,39.9,40.75,39.9,40,40.1,31073,12.51
6/9/2015,40.55,41,39.8,39.9,39.95,71741,28.94
6/8/2015,40.2,42.3,39.75,40.25,40.25,155233,64
6/5/2015,40,40.8,39.4,40,39.95,166000,66.27
6/4/2015,39.4,39.7,38,39.55,39.15,63428,24.65
6/3/2015,40.35,40.55,38.5,39.2,39.1,125342,49.49
6/2/2015,40.5,40.8,40.15,40.2,40.2,28044,11.29
6/1/2015,40.7,41.4,40.1,40.95,40.5,58037,23.66
5/29/2015,40.8,41.5,40.3,40.3,40.5,96423,39.4
5/28/2015,42.1,42.15,40,40,40.2,51786,21.15
5/27/2015,40.55,41.95,40.4,41.5,41.55,74912,30.91
5/26/2015,41.45,42.4,40.8,41.1,41.1,81610,34.04
5/25/2015,40.5,42.15,40.5,41.65,41.6,136797,56.6
5/22/2015,40.6,41.2,40.3,40.6,40.85,38297,15.61
5/21/2015,40.95,40.95,40.5,40.6,40.55,41518,16.89
5/20/2015,40.7,41.45,40.45,41.45,41.05,66968,27.42
5/19/2015,40.95,41.1,40.2,40.8,40.65,74726,30.39
5/18/2015,40.55,42.05,40.3,41,40.8,114251,46.91
5/15/2015,41.4,41.45,40.4,40.6,40.6,52893,21.62
5/14/2015,41.15,41.45,39.9,41.35,40.7,87507,35.4
5/13/2015,39.4,41.4,39,40.85,40.65,212209,84.58
5/12/2015,40.55,40.75,39.35,39.5,39.5,212752,85
5/11/2015,41,41.45,40.45,40.5,40.55,122963,50.15
5/8/2015,40.75,42.05,40.75,40.8,40.9,65158,26.87
5/7/2015,40.7,41.25,40.5,40.5,40.55,45730,18.63
5/6/2015,42.55,42.85,40.5,40.5,40.6,141673,58.25
5/5/2015,43.6,43.6,41.75,43.35,42.8,71057,30.21
5/4/2015,41.3,43.65,40.6,43,42.85,94198,39.99
4/30/2015,40.7,43.25,40.6,40.85,40.7,72088,29.64
4/29/2015,41.1,41.15,40.5,40.75,40.8,39956,16.28
4/28/2015,41.05,41.45,40.7,41,41.1,29782,12.21
4/27/2015,41.45,41.75,40.5,40.8,41.35,138576,56.86
4/24/2015,42.5,42.5,41.5,41.6,41.55,170712,71.12
4/23/2015,42.7,43.35,41.5,42.5,42.7,125103,53.22
4/22/2015,42.35,42.5,41.5,42.45,42.3,200636,84.22
4/21/2015,43.6,43.65,41.75,42.3,42.3,181546,77.89
4/20/2015,43.65,44.4,43.15,43.3,43.35,130604,56.86
4/17/2015,44.45,44.6,43.75,43.85,43.95,73487,32.4
4/16/2015,44.25,45,43.6,44.05,44.15,235750,104.52
4/15/2015,44.4,45,43.6,43.8,43.85,156294,69.17
4/13/2015,44.65,44.95,43.9,44,44.1,160648,71.16
4/10/2015,43.95,45,43.9,44.65,44.55,214588,95.36
4/9/2015,45.05,45.15,43.6,44,43.95,305097,134.62
4/8/2015,44.75,45.5,44.4,45,44.9,227448,101.7
4/7/2015,45.55,45.55,43.8,44,44.45,237780,105.76
4/6/2015,44.65,46.35,44.55,44.9,44.85,167291,76.23
4/1/2015,44.25,46.15,44.25,45.75,45.95,410732,186.77
3/31/2015,43.2,45.2,42.85,45.05,44.85,411457,182.59
3/30/2015,42.25,43.5,42.2,42.9,42.8,210549,89.96
3/27/2015,42.75,43.3,41.1,41.8,41.85,949032,398.38
3/26/2015,42.05,42.95,41.9,42.4,42.2,744197,315.33
3/25/2015,44,44.45,42.55,42.95,43.1,297669,130.01
3/24/2015,44.3,44.9,43.5,43.85,43.75,183113,80.86
3/23/2015,44.85,46.5,44.05,44.1,44.3,192720,86.48
3/20/2015,44.9,45.65,43.85,43.9,44.2,213618,94.77
3/19/2015,45.6,46.05,44.7,44.8,44.9,328264,149.59
3/18/2015,44,45.25,44,45,44.9,372487,166.86
3/17/2015,44.1,45,43.6,44.2,44.25,243697,108.02
3/16/2015,44.25,44.8,43.75,44.4,44.1,300024,132.74
3/13/2015,45.85,45.85,44.05,44.4,44.15,268032,119.59
3/12/2015,44.5,45.6,44.3,45,45.2,304705,136.91
3/11/2015,45.3,45.5,44.05,44.2,44.25,162526,72.7
3/10/2015,46.15,46.85,44.65,45.05,44.95,331943,151.18
3/9/2015,47,47.3,45.8,46.4,46.4,299284,139.32
3/5/2015,45.5,48.75,45.35,47.85,47.65,1618781,758.1
3/4/2015,46,47,45.1,45.65,45.5,475370,217.86
3/3/2015,45.1,46.75,44.8,45.45,45.65,517596,237.4
3/2/2015,43,45.3,41.6,44.6,44.2,521853,225.03
2/28/2015,44,44.25,42.2,42.8,43,322242,139.37
2/27/2015,43.2,44.25,42.4,43.3,43.05,347461,149.29
2/26/2015,44.5,44.9,42.5,43.1,43,256033,111.49
2/25/2015,44.75,45.5,44.1,44.45,44.4,311674,139.38
2/24/2015,47.5,47.6,44.3,44.65,44.65,1239516,567.82
2/23/2015,47.2,48.15,45.7,46.8,47,994470,467.58
2/20/2015,47,49,46.9,47.7,47.65,816638,392.19
2/19/2015,45.8,48.7,44.15,47.4,47.35,1463235,687.38
2/18/2015,41.4,47.5,40.3,45.5,45.85,1856271,834.97
2/16/2015,40.45,42.2,39.85,40.95,41.05,581295,238.67
2/13/2015,36.55,40.7,36.55,39.9,40.1,866944,340.69
2/12/2015,36.95,37.25,36.5,37.05,37.1,100590,37.17
2/11/2015,35.55,36.8,35.55,36.55,36.65,120545,44.02
2/10/2015,34.85,37,34.85,36,35.95,68649,24.63
2/9/2015,35.7,36.45,35.1,35.85,35.65,87854,31.49
2/6/2015,36.4,36.4,35.3,35.5,35.7,117445,41.95
2/5/2015,36.8,37.3,35.95,36,36.45,209078,76.84
2/4/2015,34.4,37.25,34.4,36.8,36.7,545466,199.42
2/3/2015,35,35,34.4,34.45,34.45,34760,12.01
2/2/2015,34.35,35.2,34.35,34.9,34.8,73105,25.51
1/30/2015,35.7,35.7,34.3,34.55,34.35,65997,22.8
1/29/2015,34.35,34.95,33.7,34.7,34.75,97682,33.47
1/28/2015,34.7,35,33.8,34,34.05,73772,25.31
1/27/2015,34.35,35.1,34,34.35,34.25,81324,27.96
1/23/2015,35,35.4,34.5,34.65,34.85,72146,25.19
1/22/2015,35,35.6,34.7,35.05,35,85423,29.99
1/21/2015,35.7,36.2,35,35,35.1,102056,36.13
1/20/2015,35.75,36.35,35.65,35.85,35.85,73972,26.67
1/19/2015,36.25,36.5,35.8,35.8,35.95,121268,43.86
1/16/2015,36.35,36.5,35.9,36,36.05,52688,19.1
1/15/2015,36.25,36.95,36.05,36.4,36.5,60015,21.85
1/14/2015,37,37.5,35.85,35.9,36,111171,40.47
1/13/2015,37.8,37.9,37.1,37.25,37.4,173112,65.08
1/12/2015,37.4,37.85,37.1,37.15,37.15,28760,10.77
1/9/2015,37.6,37.9,37.4,37.7,37.4,81232,30.51
1/8/2015,37.45,38.1,36.95,37.65,37.85,176627,66.61
1/7/2015,36.75,37.3,36.4,37.05,36.85,85018,31.38
1/6/2015,36.9,38.5,36.25,36.55,36.75,282545,105.15
1/5/2015,36.85,37.75,36.85,37.35,37.35,469618,175.09
